{
  "coreInit": "--federates=1",
  "name": "ng1",
  "core_type": "zmq",
  "log_level": "warning",
  "period": 1,
  "uninterruptible": false,
  "terminate_on_error": true,
  "strict_input_type_checking": true,
  "publications": [
    {
      "key": "node.6.avail",
      "type": "double",
      "unit": "MW"
    },
    {
      "key": "node.8.avail",
      "type": "double",
      "unit": "MW"
    }
  ],
  "subscriptions": [
    {
      "key": "transmission/node.6.requested",
      "type": "double",
      "unit": "MW"
    },
    {
      "key": "transmission/node.8.requested",
      "type": "double",
      "unit": "MW"
    }
  ]
}